{
  "losses": [
    9.846130810426862,
    9.581225174464537,
    9.389411137613019,
    9.232988556851161,
    9.111993268902383,
    9.021559044484341,
    8.969889797253556,
    8.936411075377732,
    8.917306987891036,
    8.896567336093174,
    8.8779734193609,
    8.861861237515225,
    8.852906889326118,
    8.84127635312884,
    8.82203185692262,
    8.810891421457354,
    8.791624641418457,
    8.782061203945888,
    8.770302596788728,
    8.76410992440213,
    8.759492614831817,
    8.750677018754939,
    8.74088470158952,
    8.73975316594156,
    8.735765752899512,
    8.73722820924909,
    8.733681638053294,
    8.734686630763365,
    8.735038611594211,
    8.729325975996725,
    8.72693606815981,
    8.723865841211898,
    8.72638689534048,
    8.725342339076352,
    8.724641802069845,
    8.725226815898766,
    8.724740062670762,
    8.725787822851974,
    8.72195647164677,
    8.727683888124616,
    8.723461755473963,
    8.725452442383498,
    8.72899392160137,
    8.724018114068535,
    8.71975080725852,
    8.724405280123936,
    8.718539917335082,
    8.723758472485489,
    8.724350757813186,
    8.721321826034718,
    8.721823634458392,
    8.72279601150684,
    8.721869580129558,
    8.724705151761516,
    8.726572426785244,
    8.719135753760177,
    8.72080169206255,
    8.72270178848438,
    8.720967380652267,
    8.721770751610231,
    8.719892553265176,
    8.717508076014143,
    8.718893441189541,
    8.719073719924756,
    8.71674778756131,
    8.72337965161613,
    8.71814096215066,
    8.71822034000011,
    8.721675039141365,
    8.716433492939125,
    8.719469334034438,
    8.722362985503807,
    8.719890950235088,
    8.719266818614487,
    8.71938406269202,
    8.717581363206499,
    8.719773549712107,
    8.71687364042475,
    8.72339528758874,
    8.718815552786495,
    8.716717374994513,
    8.718332389231477,
    8.723696115043726,
    8.723954179313745,
    8.72515545319975,
    8.721627406859666,
    8.716570174828004,
    8.717626400208205,
    8.717883056469178,
    8.714628461773476,
    8.716280382134942,
    8.7190890001447,
    8.719997018106868,
    8.723125477051466,
    8.718762277753166,
    8.718665311577615,
    8.719679078091396,
    8.722762371448988,
    8.720503588472859,
    8.718839797545016,
    8.725351927253637,
    8.721250017573324,
    8.7189400876506,
    8.722515356942509,
    8.715092590417754
  ],
  "metrics": {
    "both": {
      "optimistic": {
        "adjusted_arithmetic_mean_rank": 0.10334450241529165,
        "adjusted_arithmetic_mean_rank_index": 0.8968175038638444,
        "adjusted_geometric_mean_rank_index": 0.9862631782093204,
        "adjusted_hits_at_k": 0.3010569905614155,
        "adjusted_inverse_harmonic_mean_rank": 0.167316764168099,
        "arithmetic_mean_rank": 572.0837438423646,
        "count": 14210.0,
        "geometric_mean_rank": 56.93471968717173,
        "harmonic_mean_rank": 5.950213211726253,
        "hits_at_1": 0.10161857846586911,
        "hits_at_10": 0.301688951442646,
        "hits_at_3": 0.1809289232934553,
        "hits_at_5": 0.22266009852216748,
        "inverse_arithmetic_mean_rank": 0.0017479958323646163,
        "inverse_geometric_mean_rank": 0.0175639751191278,
        "inverse_harmonic_mean_rank": 0.16806120460175641,
        "inverse_median_rank": 0.02,
        "median_absolute_deviation": 72.6475087067745,
        "median_rank": 50.0,
        "standard_deviation": 1267.5792534798588,
        "variance": 1606757.1638525564,
        "z_arithmetic_mean_rank": 185.06793805656417,
        "z_geometric_mean_rank": 117.81894213336999,
        "z_hits_at_k": 1192.9584392150198,
        "z_inverse_harmonic_mean_rank": 1638.448029294466
      },
      "pessimistic": {
        "adjusted_arithmetic_mean_rank": 0.103344553265611,
        "adjusted_arithmetic_mean_rank_index": 0.8968174530043376,
        "adjusted_geometric_mean_rank_index": 0.9862631693013428,
        "adjusted_hits_at_k": 0.3010569905614155,
        "adjusted_inverse_harmonic_mean_rank": 0.16731676229686587,
        "arithmetic_mean_rank": 572.0840253342716,
        "count": 14210.0,
        "geometric_mean_rank": 56.93475595940681,
        "harmonic_mean_rank": 5.9502132779181025,
        "hits_at_1": 0.10161857846586911,
        "hits_at_10": 0.301688951442646,
        "hits_at_3": 0.1809289232934553,
        "hits_at_5": 0.22266009852216748,
        "inverse_arithmetic_mean_rank": 0.001747994972269493,
        "inverse_geometric_mean_rank": 0.01756396392939626,
        "inverse_harmonic_mean_rank": 0.1680612027321962,
        "inverse_median_rank": 0.02,
        "median_absolute_deviation": 72.6475087067745,
        "median_rank": 50.0,
        "standard_deviation": 1267.5792949884058,
        "variance": 1606757.2690833039,
        "z_arithmetic_mean_rank": 185.0679275611579,
        "z_geometric_mean_rank": 117.8189410692235,
        "z_hits_at_k": 1192.9584392150198,
        "z_inverse_harmonic_mean_rank": 1638.4480109704311
      },
      "realistic": {
        "adjusted_arithmetic_mean_rank": 0.10334452381500796,
        "adjusted_arithmetic_mean_rank_index": 0.8968174824602617,
        "adjusted_geometric_mean_rank_index": 0.9862631717991638,
        "adjusted_hits_at_k": 0.3010569905614155,
        "adjusted_inverse_harmonic_mean_rank": 0.16731677127790676,
        "arithmetic_mean_rank": 572.0838623046875,
        "count": 14210.0,
        "geometric_mean_rank": 56.93474578857422,
        "harmonic_mean_rank": 5.950212960228302,
        "hits_at_1": 0.10161857846586911,
        "hits_at_10": 0.301688951442646,
        "hits_at_3": 0.1809289232934553,
        "hits_at_5": 0.22266009852216748,
        "inverse_arithmetic_mean_rank": 0.0017479954985901713,
        "inverse_geometric_mean_rank": 0.017563967034220695,
        "inverse_harmonic_mean_rank": 0.16806121170520782,
        "inverse_median_rank": 0.019999999552965164,
        "median_absolute_deviation": 72.6475087067745,
        "median_rank": 50.0,
        "standard_deviation": 1267.5792236328125,
        "variance": 1606757.125,
        "z_arithmetic_mean_rank": 185.06793363970465,
        "z_geometric_mean_rank": 117.81894136761305,
        "z_hits_at_k": 1192.9584392150198,
        "z_inverse_harmonic_mean_rank": 1638.4480989171998
      }
    },
    "head": {
      "optimistic": {
        "adjusted_arithmetic_mean_rank": 0.12294859568558338,
        "adjusted_arithmetic_mean_rank_index": 0.877212136807181,
        "adjusted_geometric_mean_rank_index": 0.9636771700280775,
        "adjusted_hits_at_k": 0.17742959430416255,
        "adjusted_inverse_harmonic_mean_rank": 0.09381198621620035,
        "arithmetic_mean_rank": 671.0030964109782,
        "count": 7105.0,
        "geometric_mean_rank": 146.7825748911882,
        "harmonic_mean_rank": 10.567146939412613,
        "hits_at_1": 0.04771287825475017,
        "hits_at_10": 0.17818437719915553,
        "hits_at_3": 0.1079521463757917,
        "hits_at_5": 0.13173821252638987,
        "inverse_arithmetic_mean_rank": 0.0014903060885243914,
        "inverse_geometric_mean_rank": 0.0068127977775380546,
        "inverse_harmonic_mean_rank": 0.09463292274949535,
        "inverse_median_rank": 0.0035087719298245615,
        "median_absolute_deviation": 416.61122340007415,
        "median_rank": 285.0,
        "standard_deviation": 945.7548954663919,
        "variance": 894452.3222986459,
        "z_arithmetic_mean_rank": 127.96850492232734,
        "z_geometric_mean_rank": 81.40892520118821,
        "z_hits_at_k": 493.49707304607125,
        "z_inverse_harmonic_mean_rank": 644.8305728966478
      },
      "pessimistic": {
        "adjusted_arithmetic_mean_rank": 0.12294867305266602,
        "adjusted_arithmetic_mean_rank_index": 0.8772120594259197,
        "adjusted_geometric_mean_rank_index": 0.9636771261663926,
        "adjusted_hits_at_k": 0.17742959430416255,
        "adjusted_inverse_harmonic_mean_rank": 0.09381198251352614,